{"simpang": {"e": 0, "s": 70, "cd": 10, "tf": {"RTL_0": 4, "LTR_0": 7}, "wt": {"RTL_0": 0.0, "LTR_0": 15.0}, "as": {"RTL_0": 7.9759819173526925, "LTR_0": 3.8779978225483913}, "light": "Gr"}}