{"simpang": {"e": 0, "s": 486, "cd": 6, "tf": {"RTL_0": 14, "LTR_0": 12}, "wt": {"RTL_0": 22.0, "LTR_0": 5.0}, "as": {"RTL_0": 1.3509113447715524, "LTR_0": 3.7178554951279117}, "light": "Gr"}}