{"simpang": {"e": 0, "s": 50, "cd": 20, "tf": {"RTL_0": 5, "LTR_0": 3}, "wt": {"RTL_0": 0.0, "LTR_0": 0.0}, "as": {"RTL_0": 10.017082173435952, "LTR_0": 5.767419068363263}, "light": "rG"}}