{"simpang": {"e": 0, "s": 10, "cd": 10, "tf": {"RTL_0": 2, "LTR_0": 2}, "wt": {"RTL_0": 0.0, "LTR_0": 0.0}, "as": {"RTL_0": 13.091346712168257, "LTR_0": 7.596478684036992}, "light": "Gr"}}