{"simpang": {"e": 0, "s": 16, "cd": 16, "tf": {"RTL_0": 3, "LTR_0": 2}, "wt": {"RTL_0": 0.0, "LTR_0": 0.0}, "as": {"RTL_0": 11.12118606858368, "LTR_0": 13.819508302981042}, "light": "rG"}}